emailID,password
ffryatt0@miitbeian.gov.cn,lGpYXdaV5Av4
apoznanski1@ihg.com,pWGcE38BS
dcollingridge2@squidoo.com,jA3GLNBsZ
leatherton3@un.org,jZuHoGIY2h
bfillgate4@jigsy.com,2vmkV4
atomlinson5@google.ca,TkANk9m
ewands6@facebook.com,zZDzm6pmE10
bdrohun7@washington.edu,Ne4NNX
dmcsarry8@yandex.ru,7gBcLgf3UDDO
llepine9@jugem.jp,aplXu6fMaf
sharborda@biblegateway.com,d0RkCO7bTh
bloggb@furl.net,AcsuomtWCJ
bconkiec@linkedin.com,dp38QdnUDtNM
tzamorranod@epa.gov,1bsDZDKr
awildboree@blog.com,QKcT6j1VWE8J
jrickmanf@merriam-webster.com,GVhRxFD
tcowdroyg@cafepress.com,ukBQjcB
kkeeltaghh@devhub.com,ErsWnkLyD9GW
alammiei@thetimes.co.uk,pC0D6n
lhadlingtonj@qq.com,3vy1k1lG
idavidovk@omniture.com,HAqvtjc3l
imarfelll@pinterest.com,x8WEMpRN
wkeesm@unblog.fr,KISG65hv
gviann@wufoo.com,Oyl0tm
tfainto@ihg.com,361fLbrc
ssurgenerp@yahoo.co.jp,thUmCyz
relsegoodq@webeden.co.uk,mb0frc
nsurrr@edublogs.org,51gSX3
lharriotts@tuttocitta.it,eSvxd7dXHJ
gmonkleight@quantcast.com,dU43kD3a
trollsu@about.me,Bhm0H3zR
psijmonsv@archive.org,sw9Ib6xKw
creppaportw@vk.com,MiWNnKOws2KM
hjentinx@dmoz.org,158o04hRCMKs
wlemmeny@google.it,04h9Ruz1
lbarsonz@skype.com,0XdTgh7
rcassey10@indiegogo.com,6zH7s9FoyNM
dpantry11@php.net,90tftKY
alebarre12@army.mil,1oaIP6P6
ggosnall13@imgur.com,RKGeAwfhNK
nschule14@tuttocitta.it,FNVv9VMGJ
vdurnall15@amazon.com,mxDrId
qhuett16@squarespace.com,k6iLSzR5hTXF
ljasiak17@reverbnation.com,iJpakYdz
msouthgate18@cdc.gov,VSMjZrYJw0N
dmaberley19@cargocollective.com,w0SZjcomr
gdeveril1a@intel.com,n5F06jn
alardez1b@netvibes.com,Aq1mamXceKR
edhooghe1c@pbs.org,Ox50GEWXamk
btomczykiewicz1d@networksolutions.com,2fpPbZME6em
dcoldicott1e@harvard.edu,hXSpcAF
rrussi1f@shutterfly.com,9GVIXLaza4
fferenc1g@nbcnews.com,7AAfwUyg7Vk
neyton1h@cpanel.net,CVj1BLnG31
cclausenthue1i@prweb.com,ZgNazbW3s9
grhymes1j@eepurl.com,0Nt6JYbHe
gellsom1k@seesaa.net,UYSy6GGlvh0w
kdelamere1l@bizjournals.com,8ZLsrz
bfillon1m@sciencedaily.com,IllgLz1d
kdorr1n@apache.org,8de41TQac
acowles1o@hatena.ne.jp,4Knaz6
ngrimsey1p@elegantthemes.com,2Lf9ZZL
upead1q@addtoany.com,0ZneTKnTSujd
bthornthwaite1r@sogou.com,lQeGvH5YqV
sjunes1s@businessinsider.com,rPHQDA3OFbQ
nzanelli1t@princeton.edu,rPOlJRNF
bfrawley1u@facebook.com,LfcDBcD46o
sleftwich1v@slate.com,bSwvL8QlEaim
ebernardotti1w@yellowbook.com,aOsstw9jI
ekatz1x@ed.gov,EqhhqtQVdc
kcleare1y@shareasale.com,QZcx8mpJ7iG
pbeyn1z@wsj.com,klddGVexb2LI
aneiland20@cargocollective.com,tNzjlbvrYwDx
tcudby21@ustream.tv,kRDmBBv3i
yscreach22@archive.org,QoN2MEftJ
bcastlake23@nps.gov,S12WB21j
sspykings24@surveymonkey.com,dYOtmcMkvyft
skelby25@printfriendly.com,KcOM5E1y
gmaleney26@nymag.com,eudwXW0
bcalverley27@army.mil,naaubWxeYS36
bsuddards28@rediff.com,8BGKOmX36og
ohowse29@army.mil,rict3iz49M
hleaver2a@elegantthemes.com,2PbHFL4
dsalack2b@quantcast.com,kwP0761drRy
cfearfull2c@usa.gov,rObJakfwsy
mtofful2d@w3.org,XZTzXbAJnyTM
jpowles2e@constantcontact.com,cdeT9lh
trackstraw2f@yolasite.com,yRqhAPPjvM
mdrynan2g@networksolutions.com,nFLhm0J3j7
bthebes2h@ibm.com,MfpVETNYTN
dkeinrat2i@arstechnica.com,VQc5Q1ekwV
ttrett2j@over-blog.com,4AjGw3DL60H9
tleaning2k@php.net,PR28j8D
arobertacci2l@samsung.com,YSzV2qFavJ
btowsie2m@yelp.com,KYwK8Fx
borange2n@europa.eu,6JiHCNRd
dgilli2o@nydailynews.com,YDRqVJif
mwhaplington2p@liveinternet.ru,GtNN8Cy0
mdoubleday2q@wordpress.org,QtCXmJM2HkT3
ocastaner2r@state.gov,HEAvY0QL7A0
